Pre-1,Pre-2,Pre-3,Pre-4,Pre-5,Pre-6,Pre-7,Pre-8,Pre-9,Pre-10,Pre-11,Pre-12,Pre-13,Pre-14,Pre-15,Pre-16,Pre-17,Pre-18,Pre-19,Pre-20,Pre-21,Pre-22,Pre-23,Pre-24,Pre-25,Pre-26,Pre-27,Pre-28,Pre-29,Pre-30,Pre-31,Pre-32,Pre-33,Pre-34,Pre-35,Pre-36,Pre-37,Pre-38,Pre-39,Pre-40,Pre-41,Pre-42,Pre-43,Pre-44,Pre-45,Pre-46,Pre-47,Post-1,Post-2,Post-3,Post-4,Post-5,Post-6,Post-7,Post-8,Post-9,Post-10,Post-11,Post-12,Post-13,Post-14,Post-15,Post-16,Post-17,Post-18,Post-19,Post-20,Post-21,Post-22,Post-23,Post-24,Post-25,Post-26,Post-27,Post-28,Post-29,Post-30,Post-31,Post-32,Post-33,Post-34,Post-35,Post-36,Post-37,Post-38,Post-39,Post-40,Post-41,Post-42,Post-43,Post-44,Post-45,Post-46,Post-47
A,B,E,G,D,C,E,G,D,B,G,D,A,A,E,C,B,H,D,J,F,E,G,B,F,A,G,D,A,A,F,J,E,B,B,C,A,B,B,A,F,B,D,A,A,C,C,B,D,F,F,D,B,B,A,A,A,A,A,A,E,E,A,E,B,B,E,E,A,B,C,B,C,A,A,A,E,E,E,E,E,A,C,A,B,E,A,F,B,D,B,B,A,A
A,C,B,E,F,G,D,E,D,C,G,D,B,D,E,H,C,B,D,F,A,F,B,E,D,A,B,D,G,D,J,C,E,B,B,D,C,A,B,D,D,H,A,A,C,C,A,B,A,C,F,G,D,E,A,D,C,G,D,B,C,E,A,D,B,H,F,G,E,G,F,J,E,A,D,F,E,E,E,E,E,A,A,A,B,E,D,I,I,D,A,B,C,B
B,D,F,F,D,G,B,A,A,A,A,A,A,E,E,A,B,B,B,G,E,A,B,C,B,C,A,A,A,A,A,A,E,E,A,A,A,A,D,A,F,B,D,A,A,D,D,B,D,F,F,D,C,B,A,A,A,A,A,A,E,E,A,E,B,B,G,E,A,B,C,B,C,A,A,A,E,E,E,E,E,A,A,A,A,E,A,F,B,D,B,B,A,A
B,D,F,F,D,J,B,E,A,A,G,A,A,E,E,A,E,B,B,G,E,A,B,C,B,C,A,A,A,E,E,E,E,E,A,C,A,B,E,A,F,B,D,A,A,A,,B,J,F,F,D,B,B,A,A,A,A,A,A,E,E,A,E,B,B,G,E,A,B,C,B,C,A,A,A,E,E,E,E,E,A,A,A,A,E,A,F,B,D,B,B,A,A
A,B,C,G,B,C,E,E,D,B,G,D,B,A,E,C,B,H,D,F,J,A,G,B,F,C,A,A,A,A,F,B,E,B,A,C,C,B,A,A,F,B,D,A,B,D,B,B,D,F,F,D,C,B,A,A,A,A,A,A,A,E,C,B,B,B,G,E,A,B,C,B,C,A,A,A,E,E,E,E,E,A,A,A,A,E,A,F,B,D,A,A,B,A
B,B,D,F,A,C,D,F,D,B,F,E,B,A,E,C,B,D,G,F,H,E,F,B,G,A,E,D,C,A,B,B,E,B,A,C,C,B,E,A,H,B,D,A,B,C,B,A,B,F,G,B,D,B,E,D,A,E,D,A,A,E,A,B,G,B,F,A,A,B,B,B,A,E,D,A,A,B,A,C,B,A,C,C,B,E,A,C,B,D,A,B,C,C
B,D,F,F,D,B,B,A,A,A,A,A,A,E,E,C,E,B,B,G,E,A,B,C,B,C,A,A,A,A,F,B,E,B,B,C,A,B,B,A,F,B,D,B,B,A,A,B,D,F,F,D,B,B,A,A,A,A,A,A,E,E,A,E,B,B,G,E,A,B,C,B,C,A,A,A,E,E,E,E,E,A,C,A,B,E,A,F,B,D,B,B,A,A
B,D,C,F,E,A,G,G,D,B,G,D,B,A,E,C,B,G,H,F,D,A,B,C,E,C,G,D,B,A,B,B,E,B,B,A,C,A,C,D,H,C,D,A,B,C,B,B,D,F,F,D,F,B,A,A,A,A,A,A,E,E,A,E,B,A,G,E,A,B,C,A,C,A,A,A,E,E,E,E,E,A,A,A,A,E,A,B,B,D,B,B,0,B
A,B,C,G,B,G,A,E,D,C,G,D,B,A,E,C,B,D,H,F,G,E,G,B,F,C,G,D,B,A,F,B,E,B,A,C,C,B,E,A,B,B,D,A,A,D,B,B,D,D,E,BF,A,B,F,D,B,A,A,A,E,E,A,E,B,B,G,E,A,B,C,B,C,A,A,A,A,F,B,A,C,A,C,A,B,E,D,J,J,J,B,B,B,B
A,B,C,G,B,C,C,F,F,A,G,D,B,J,E,C,J,D,C,F,H,E,G,B,J,A,G,D,B,A,F,E,A,B,A,A,C,A,E,D,H,C,A,A,A,D,D,B,D,F,G,B,G,A,E,A,A,A,A,A,A,E,C,B,H,D,F,E,A,B,C,E,C,G,D,B,E,E,E,E,E,A,A,A,A,E,A,F,B,D,B,B,A,A
B,B,G,F,A,G,A,G,A,A,A,A,A,C,E,A,H,,B,,F,E,D,G,B,C,A,A,A,A,E,D,E,D,B,C,A,B,B,A,F,B,D,A,A,B,A,A,D,F,G,D,C,B,A,A,A,A,A,A,E,E,A,E,B,A,F,E,A,B,C,A,C,A,A,A,E,E,E,E,E,B,C,A,B,E,A,C,B,E,B,B,A,A
B,D,F,F,D,B,B,G,D,B,G,D,B,E,E,A,E,B,B,F,E,A,B,C,B,C,A,A,A,A,F,B,E,B,B,C,A,B,E,A,F,B,D,B,B,A,A,B,D,F,F,D,B,B,A,A,A,A,A,A,E,E,A,E,B,B,G,E,A,B,C,B,C,A,A,A,A,A,A,A,A,A,A,A,A,E,A,F,B,D,B,B,A,A
A,B,F,G,D,E,B,G,D,B,B,B,B,E,E,A,E,B,B,G,E,A,B,C,B,C,A,A,A,A,F,B,E,B,A,C,A,B,E,A,F,B,D,A,A,D,D,B,D,F,F,D,B,B,A,A,A,A,A,A,E,E,A,E,B,B,G,E,A,B,C,B,C,A,A,A,E,E,E,E,E,A,A,A,A,E,A,F,B,D,B,B,A,A
B,D,F,F,D,F,B,G,D,B,G,D,B,A,E,C,B,G,D,G,E,A,F,C,F,C,G,D,B,A,F,E,E,B,B,C,A,B,D,A,F,B,D,B,B,A,A,B,D,F,F,D,B,B,A,A,A,A,A,A,E,E,A,E,B,B,G,E,A,B,C,B,C,A,A,A,E,E,B,E,B,B,C,A,B,D,A,F,B,D,B,B,A,A
A,B,C,G,J,C,E,G,D,B,G,D,B,C,E,J,D,H,J,F,A,E,G,B,F,A,G,D,B,A,F,B,E,B,B,C,A,B,D,A,F,J,D,A,B,D,A,A,B,C,G,B,C,E,G,D,B,G,D,B,A,E,C,B,H,D,F,H,A,B,C,A,C,G,D,B,E,E,E,E,E,A,A,A,A,E,A,F,B,D,A,A,A,A
A,B,C,G,D,C,E,G,D,B,G,D,B,A,E,C,B,H,G,F,D,E,D,G,B,C,G,D,B,B,A,D,B,E,B,D,C,B,D,E,F,B,D,A,A,C,B,A,B,C,G,B,C,E,G,C,B,F,A,C,B,E,C,H,J,D,G,F,E,G,B,F,A,C,A,B,D,E,F,A,B,A,C,B,J,D,D,F,C,D,B,A,B,C
A,D,F,G,D,B,B,A,A,A,A,A,A,E,E,A,E,B,B,G,E,A,B,C,B,C,A,A,A,E,E,E,E,E,A,A,A,A,E,A,F,B,D,A,A,A,A,B,D,F,F,D,B,B,A,A,A,A,A,A,E,E,A,E,B,B,G,E,A,B,C,B,C,A,A,A,E,E,E,E,E,A,A,A,A,E,A,F,B,D,B,B,A,A
A,B,C,G,F,C,E,G,D,B,G,D,B,A,E,C,B,H,D,F,H,E,G,B,F,A,G,D,B,A,F,B,E,B,B,C,A,B,D,A,F,B,D,A,A,B,A,B,D,F,F,D,E,B,A,A,A,A,A,A,E,E,A,E,B,B,G,E,A,B,C,B,C,A,A,A,E,E,E,E,E,A,A,A,A,E,A,F,B,D,B,B,B,B
A,C,B,G,D,F,E,E,D,B,E,D,B,A,E,C,G,H,D,F,B,E,D,F,J,A,G,D,B,D,C,D,B,AE,D,C,B,A,C,D,C,J,D,A,A,D,C,B,D,G,F,A,B,B,G,A,A,D,B,A,B,E,A,C,B,B,G,E,A,B,G,F,B,C,B,A,A,D,D,D,D,B,E,B,C,A,C,F,B,D,A,B,C,A
B,B,F,F,D,B,B,G,D,B,G,D,B,E,E,C,E,B,D,G,E,A,B,C,B,C,G,D,B,A,F,E,E,E,A,C,A,B,D,A,F,B,D,B,B,A,A,B,D,F,F,D,B,B,E,A,A,G,A,A,E,E,A,E,B,D,G,E,A,B,C,B,C,A,A,A,E,E,E,E,E,A,C,A,B,E,A,F,B,D,B,B,A,A
B,D,F,F,D,B,B,A,A,A,A,A,A,E,E,A,E,B,B,G,E,A,B,C,B,C,A,A,A,E,E,E,E,E,A,A,A,A,E,A,F,B,D,B,B,A,A,B,D,F,F,D,B,B,A,A,A,A,A,A,E,E,A,E,B,B,G,E,A,B,C,B,C,A,A,A,E,E,E,E,E,A,A,A,A,E,A,F,B,D,B,B,A,A
B,D,F,F,D,,B,G,D,A,G,D,A,E,E,A,E,B,B,G,E,A,B,C,B,C,G,D,B,A,F,B,E,B,B,,,,B,A,F,,,,,,,B,D,F,F,D,B,B,A,A,A,A,A,A,E,E,A,E,B,B,G,E,A,B,C,B,C,A,A,A,E,E,E,E,E,A,A,A,A,E,A,F,B,D,B,B,A,A
A,B,C,G,J,C,E,B,D,A,F,E,A,A,B,C,D,H,J,F,A,E,D,B,F,A,G,D,B,E,A,B,E,B,B,C,A,B,D,D,J,H,A,A,B,C,C,A,B,C,G,J,E,C,G,A,B,G,A,B,A,E,C,H,G,J,F,H,A,B,C,E,A,G,A,F,E,A,A,E,B,A,A,A,B,C,D,G,C,0,0,0,0,0
B,A,C,F,G,E,E,G,D,B,G,D,B,A,E,C,B,D,C,F,H,E,G,B,F,A,G,D,B,A,B,B,E,B,A,C,C,B,D,A,C,B,D,A,A,A,D,A,B,C,G,D,C,A,E,D,A,A,D,A,E,E,A,E,B,B,G,E,A,B,C,B,C,C,D,B,E,E,E,E,E,A,C,C,A,E,A,F,B,D,B,B,A,A
A,B,F,G,D,F,B,G,D,B,G,D,B,A,E,C,B,H,D,F,A,A,B,C,A,C,G,D,B,A,F,E,E,E,B,C,C,B,D,A,F,B,D,A,A,D,D,B,D,G,F,D,F,F,A,A,A,A,A,A,C,E,A,D,G,D,G,E,E,G,C,B,A,A,A,A,E,E,E,E,E,A,C,A,B,E,A,F,C,D,B,B,A,B
A,B,F,G,D,B,B,G,D,A,G,A,A,H,E,A,J,G,B,G,E,E,G,B,F,A,G,A,A,A,F,B,E,B,B,C,A,B,E,A,F,B,D,A,A,D,A,B,D,F,F,D,F,B,A,A,A,A,A,A,E,E,A,E,B,B,G,E,A,B,C,B,C,A,A,A,A,F,E,E,B,A,C,A,B,E,A,F,B,D,A,A,A,A
A,B,F,G,D,G,B,G,D,B,G,D,B,A,E,C,B,H,D,F,E,A,B,C,A,C,A,A,A,E,E,E,E,E,A,A,A,A,E,A,F,B,D,B,B,A,A,B,D,F,F,D,B,B,A,A,A,A,A,A,E,E,A,B,B,B,G,E,B,B,C,B,C,A,A,A,E,E,E,E,E,A,A,A,A,E,A,F,B,D,B,B,A,A
A,B,C,G,F,E,D,F,D,G,F,D,A,A,E,C,B,H,D,G,F,E,G,C,F,C,G,D,A,A,B,B,E,B,A,C,A,B,D,A,F,B,D,A,B,A,B,B,D,F,F,D,B,B,A,A,A,A,A,A,E,E,A,E,B,B,G,E,A,B,C,B,C,A,A,A,E,E,E,E,E,A,A,E,A,E,A,F,B,D,B,B,A,A
B,J,F,F,D,F,B,A,A,A,A,A,A,E,E,A,B,B,B,G,E,A,B,C,A,C,A,A,A,E,E,E,E,E,A,C,A,B,E,A,F,B,D,B,B,J,AJ,B,D,F,F,D,B,F,A,A,A,A,A,A,E,E,A,E,B,B,G,E,A,B,C,B,C,A,A,A,E,E,E,E,E,A,A,A,A,E,A,F,B,D,B,B,A,A
B,D,F,F,C,B,B,A,A,A,A,A,A,H,E,A,J,B,B,G,E,A,B,C,B,C,A,A,A,A,B,B,E,B,B,C,A,B,D,A,F,B,D,A,B,A,A,B,C,F,F,C,B,B,A,A,A,A,A,A,H,G,A,J,B,B,G,E,A,B,C,B,C,A,A,A,E,E,E,E,E,A,A,A,A,E,A,F,B,D,A,A,A,A
A,B,G,G,B,B,A,G,D,B,G,D,B,A,E,C,B,H,D,F,G,A,F,C,F,C,B,D,B,E,F,B,E,B,A,C,C,B,D,A,F,J,D,A,A,C,C,B,D,F,F,D,B,B,A,A,A,A,A,A,E,E,A,E,B,B,G,E,A,B,C,B,C,A,A,A,E,E,E,E,E,A,A,A,A,E,A,F,B,D,B,B,A,A
A,B,C,G,B,C,E,G,D,B,G,D,B,A,E,C,B,H,D,J,H,E,G,B,F,A,G,D,B,A,E,B,E,B,B,D,A,B,D,A,F,B,D,A,A,B,C,B,D,F,G,D,F,B,A,A,B,A,A,A,E,E,A,E,B,A,J,F,A,B,C,A,C,A,D,A,E,E,A,E,B,B,C,A,B,E,A,F,B,D,B,B,A,A
A,B,C,G,D,C,B,G,D,B,G,D,B,E,E,A,H,B,H,G,A,E,F,B,E,C,G,D,B,A,F,A,E,D,B,C,C,B,E,A,F,B,D,C,A,A,C,A,B,E,G,D,C,B,A,D,A,A,D,A,A,E,C,B,D,F,H,A,B,B,F,A,A,A,D,C,E,E,E,E,E,B,C,A,B,E,A,F,B,D,B,A,A,B
A,C,F,G,D,A,B,G,D,A,B,D,A,H,E,C,J,B,D,G,E,E,G,B,F,A,C,D,B,E,A,B,E,B,A,C,A,B,E,A,F,B,D,B,B,A,A,B,C,F,F,D,B,B,A,A,A,A,A,A,E,E,A,E,B,B,G,E,A,B,C,B,C,A,A,A,F,E,E,F,E,A,C,A,B,E,A,F,B,D,B,B,A,A
A,B,F,G,B,C,B,F,D,B,G,D,B,A,E,C,B,G,D,F,H,A,B,F,B,E,G,D,B,A,F,B,E,B,A,C,C,B,D,A,F,B,D,A,B,B,B,A,B,F,F,B,C,B,F,B,B,G,B,A,A,E,C,B,D,D,G,C,A,B,C,F,C,A,A,A,B,E,B,E,B,B,C,A,B,E,A,F,B,D,A,A,B,B
A,B,C,G,B,C,E,F,D,B,G,D,B,C,E,A,B,D,B,G,F,E,G,B,F,A,G,D,B,A,F,A,E,A,B,A,A,B,B,D,F,B,D,A,D,B,A,A,B,C,G,B,C,E,G,D,C,G,D,B,B,E,A,C,A,B,G,A,B,G,G,B,B,G,D,C,E,E,E,E,E,A,C,A,B,E,A,F,B,D,B,B,B,B
A,B,F,G,B,A,B,G,D,B,B,D,F,B,E,H,A,D,C,G,F,E,F,B,E,A,G,D,B,A,A,E,E,B,B,C,C,B,D,A,G,B,D,B,C,C,A,A,D,F,F,D,B,B,G,D,B,A,A,A,E,E,A,E,D,B,G,E,A,G,C,F,C,G,D,B,E,E,E,E,E,A,A,A,A,E,A,F,B,D,A,A,A,A
B,D,F,F,D,F,B,A,A,A,A,A,A,E,E,A,E,B,B,G,E,A,B,C,B,C,A,A,A,A,F,B,E,B,B,C,A,B,E,A,F,B,D,B,B,A,A,B,D,F,F,D,B,B,A,A,A,A,A,A,E,E,A,E,B,B,G,E,A,B,C,B,C,A,A,A,E,E,E,E,E,A,A,A,A,E,A,F,B,D,B,B,A,A
B,B,F,G,D,E,E,F,D,C,F,D,C,C,E,C,D,F,D,F,C,E,G,F,F,E,G,D,B,A,F,B,E,B,B,A,C,B,B,D,C,C,D,B,A,B,A,A,D,F,G,D,C,B,A,A,A,A,A,A,E,E,A,E,B,B,G,E,A,B,C,B,C,A,A,A,E,E,E,E,E,A,A,A,A,E,A,E,B,D,B,B,A,A
A,B,C,G,B,E,A,G,D,B,G,D,B,A,E,C,B,G,D,F,H,A,B,C,A,C,G,B,A,A,F,B,E,B,A,C,A,B,E,A,F,B,D,A,B,D,A,B,D,F,F,D,B,B,A,A,A,A,A,A,E,E,A,E,B,B,F,E,A,B,C,B,C,A,A,A,E,E,E,E,E,A,A,A,A,E,A,F,B,D,B,B,A,A
A,B,C,G,D,C,B,G,D,B,G,D,B,A,E,C,B,G,D,F,A,A,J,C,B,C,A,D,A,E,E,E,E,E,A,A,A,C,E,A,C,B,D,A,A,C,A,A,B,F,G,B,C,B,D,B,B,A,A,A,A,E,C,D,D,D,G,E,A,B,C,B,C,G,B,A,E,E,E,E,E,A,A,A,A,E,A,F,H,D,A,B,A,A
B,B,B,F,F,C,F,G,D,B,G,C,B,A,E,C,B,H,D,G,G,E,E,B,F,A,G,D,B,E,E,E,E,E,A,A,A,A,E,A,H,B,D,B,B,A,A,B,B,F,F,B,C,E,G,E,F,C,A,B,C,E,C,D,G,D,G,H,E,G,B,F,A,C,A,B,E,E,E,E,E,A,A,A,A,E,A,C,B,D,B,B,A,A
B,D,F,F,D,B,B,A,A,A,A,A,A,E,E,A,E,B,B,G,E,A,B,C,B,C,A,A,A,E,E,E,E,E,A,C,A,B,E,A,F,B,D,B,B,A,A,B,D,F,F,D,B,B,A,A,A,A,A,A,E,E,A,E,B,B,G,E,A,B,C,B,C,A,A,A,E,E,E,E,E,A,A,A,A,E,A,F,B,D,B,B,A,A
A,B,C,G,F,D,B,G,D,B,G,D,A,A,E,C,B,H,D,G,F,E,G,B,F,A,G,C,B,E,B,E,E,B,A,D,E,B,E,D,B,H,A,A,B,B,C,A,B,G,F,B,C,A,G,D,B,A,A,A,C,E,C,D,H,G,C,F,E,G,B,F,A,G,A,B,E,E,E,E,E,A,A,A,A,E,D,J,H,D,B,B,B,A
A,B,F,G,D,C,B,G,D,B,G,D,B,A,E,C,B,H,D,F,A,A,G,C,B,C,G,D,A,A,E,E,E,E,A,C,A,B,D,A,F,B,D,A,B,C,A,B,D,F,F,D,B,B,A,A,A,A,A,A,E,E,A,E,B,B,G,E,A,B,C,B,C,A,A,A,E,E,E,E,E,A,A,A,A,E,A,F,B,D,B,B,A,A
A,B,C,G,B,C,E,G,D,B,G,D,B,A,E,C,B,H,D,F,F,E,F,B,F,A,G,D,B,A,F,B,E,B,B,C,C,A,D,D,H,B,D,A,C,C,A,B,D,C,F,D,E,A,G,A,B,G,A,B,E,E,A,B,E,E,G,D,A,B,B,A,C,A,A,F,E,E,E,E,E,A,A,A,A,E,A,B,B,D,B,B,A,B
A,B,F,G,D,C,B,A,D,A,E,D,B,A,E,C,B,H,D,F,H,A,G,C,B,C,G,D,B,A,E,B,E,B,A,C,A,B,E,A,F,B,D,B,B,A,A,B,D,F,F,D,B,B,A,A,A,A,A,A,E,E,A,E,B,B,G,E,A,B,C,B,C,A,A,A,E,E,E,E,E,A,A,A,A,E,A,F,B,D,B,B,A,A
B,D,F,F,D,B,B,E,D,A,A,A,A,E,E,A,E,B,B,G,E,A,B,C,B,C,A,A,A,E,E,E,E,E,A,C,A,B,E,A,F,B,D,B,B,A,A,B,D,F,F,D,B,B,A,A,A,A,A,A,E,E,A,E,B,B,G,E,A,B,C,B,C,A,A,A,E,E,E,E,E,A,A,A,A,E,A,F,B,D,B,B,A,A
A,B,G,G,D,B,F,G,D,B,G,D,B,A,E,C,B,H,D,F,H,A,B,C,A,C,G,D,B,A,F,B,E,B,B,C,A,B,D,A,J,J,D,A,A,D,D,B,D,F,F,D,0,B,A,A,A,A,A,A,E,E,A,E,B,B,G,E,A,B,C,B,C,A,A,A,E,E,E,E,E,A,A,A,A,E,A,F,B,D,A,A,A,A
A,B,F,G,D,C,B,G,D,B,G,D,B,A,E,C,B,F,D,F,H,A,B,C,B,C,E,D,B,A,E,B,E,B,A,C,C,B,D,A,G,B,D,A,B,B,C,A,B,C,G,B,C,E,F,D,A,G,A,B,C,E,C,H,D,G,F,J,E,G,B,F,A,A,A,A,A,E,B,E,B,B,C,B,A,C,A,H,B,D,A,B,B,B
B,A,F,C,B,G,B,F,D,B,G,D,B,A,J,C,G,H,D,F,F,E,G,F,F,A,G,D,B,A,D,B,E,J,A,D,C,B,D,D,F,H,D,J,B,B,A,A,B,C,G,B,C,E,G,B,B,G,B,B,A,E,C,B,H,G,F,H,E,G,B,F,A,G,B,B,A,E,B,E,B,B,A,C,B,D,A,H,B,D,A,C,A,A
A,B,C,G,F,C,E,F,D,B,G,D,B,C,E,A,D,B,J,G,H,A,D,B,F,E,G,D,B,A,B,B,F,B,B,E,D,A,D,A,F,B,D,A,C,B,D,A,B,C,E,F,H,G,G,A,B,G,D,B,A,E,C,B,D,F,G,E,G,B,F,A,G,D,B,B,E,A,B,F,D,A,C,B,D,D,A,B,H,D,C,D,B,A
B,D,F,F,B,B,B,G,D,A,G,D,A,A,E,C,B,B,D,G,F,A,B,C,B,C,A,A,A,E,E,E,E,E,A,C,A,B,E,A,F,B,D,A,A,D,D,B,B,F,F,B,B,B,A,A,A,A,A,A,E,E,A,E,B,B,G,E,A,B,C,B,C,A,A,A,E,E,E,E,E,A,A,A,A,E,A,F,B,D,A,A,D,D
A,B,C,E,B,C,E,G,D,B,G,D,B,C,E,D,G,F,G,F,H,E,G,F,F,B,G,D,B,A,E,B,E,B,A,C,C,B,D,D,F,C,D,B,B,C,A,A,B,C,G,B,C,E,G,D,B,G,D,B,A,E,C,B,H,D,F,F,E,G,B,F,A,G,D,B,E,E,E,E,E,A,A,A,A,E,B,B,B,D,B,B,B,B
A,B,C,G,F,D,E,G,D,B,G,D,B,A,E,C,B,H,D,F,A,E,G,B,F,A,G,D,B,A,B,E,E,B,B,C,A,B,D,A,F,B,D,A,A,C,C,A,B,C,G,F,J,E,G,D,B,G,D,A,A,E,C,B,G,D,F,E,A,G,C,B,C,A,A,B,E,E,E,E,E,A,C,A,B,E,A,F,B,D,B,A,C,C
B,D,F,F,D,G,B,A,A,A,A,A,A,E,E,A,E,B,B,G,E,A,B,C,B,C,A,A,A,E,E,E,E,E,A,C,A,B,E,A,F,B,B,D,B,B,A,B,D,F,F,D,F,B,A,A,A,A,A,A,E,E,A,E,B,B,G,E,A,B,C,B,C,A,A,A,E,E,E,E,E,A,C,A,B,E,A,F,B,D,B,B,A,A
B,D,F,F,D,B,B,E,D,A,E,D,A,E,E,A,E,B,B,G,E,A,B,C,B,C,A,D,A,E,E,E,E,E,A,C,A,B,E,B,F,B,D,B,B,A,A,B,D,F,F,D,B,B,A,A,A,A,A,A,E,E,A,E,B,B,G,E,A,B,C,B,C,A,A,A,E,E,E,E,E,A,A,A,A,E,A,F,B,D,B,B,A,A
B,C,F,F,D,B,B,A,A,A,A,A,A,E,E,A,E,B,B,G,E,A,B,C,B,C,A,A,A,E,E,E,E,E,B,C,A,B,E,A,F,B,D,A,A,D,D,B,C,F,F,D,B,B,A,A,A,A,A,A,E,E,A,E,B,A,G,E,A,B,C,B,C,A,A,A,E,E,E,E,E,A,C,A,B,E,A,F,B,D,B,B,B,B
A,B,C,G,D,J,B,F,E,C,G,D,A,A,E,C,B,H,D,F,E,A,B,C,B,C,B,D,A,A,F,E,E,E,A,C,A,B,E,A,F,B,D,B,B,A,A,A,B,F,G,D,C,E,A,A,A,A,A,A,A,E,C,B,H,D,F,E,A,B,C,F,C,A,A,A,E,E,E,E,E,A,A,A,A,E,A,C,B,D,B,B,A,A
B,B,C,F,D,C,B,E,A,B,E,A,B,A,E,C,B,H,D,F,E,A,A,C,B,C,E,A,B,A,F,E,E,E,B,C,A,B,A,D,J,C,D,B,B,B,B,B,D,F,F,D,E,B,A,A,A,A,A,A,E,E,A,E,B,B,G,E,A,B,C,B,C,C,B,B,E,E,E,E,E,A,A,A,A,E,A,F,B,D,B,B,A,A
A,B,C,G,B,E,E,G,D,B,G,D,B,E,E,A,E,B,B,G,J,A,B,C,A,C,A,A,A,A,F,B,E,B,B,C,A,B,D,A,F,B,D,A,B,A,A,B,D,F,G,C,B,B,A,A,A,A,A,A,E,E,A,E,B,B,G,E,A,B,C,B,C,A,A,A,E,E,E,E,E,B,C,A,B,E,A,F,B,D,B,B,B,B
B,B,D,F,F,E,D,C,D,B,C,D,B,A,E,C,H,J,G,J,F,E,J,G,F,A,G,D,B,E,E,A,E,E,A,C,A,B,E,A,G,B,D,A,B,A,B,B,0,0,0,0,0,0,0,0,0,B,A,B,0,E,C,H,H,D,J,F,E,D,G,B,A,C,D,B,E,E,E,E,E,A,A,A,A,E,0,0,0,0,0,0,0,0
A,B,G,F,B,F,A,G,D,B,G,D,B,A,E,C,D,H,B,G,F,E,G,B,F,A,G,D,B,E,E,E,E,E,A,C,C,B,E,A,F,B,D,A,A,C,B,B,B,F,F,B,E,E,C,A,B,A,A,A,A,E,C,B,H,D,F,G,E,G,B,F,A,A,A,A,E,E,E,E,E,A,A,A,A,E,D,F,C,G,B,B,A,A
B,D,F,F,D,B,B,A,A,A,A,A,A,E,E,A,E,B,B,G,E,A,B,C,B,C,A,A,A,E,E,E,E,E,A,A,A,A,E,A,F,B,D,B,B,A,A,B,D,F,F,D,B,B,A,A,A,A,A,A,E,E,A,E,B,B,G,E,A,B,C,B,C,A,A,A,E,E,E,E,E,A,C,A,B,E,A,F,B,D,B,B,A,A
B,D,C,G,B,D,D,F,E,B,F,D,B,A,B,C,D,H,G,F,F,E,G,F,D,A,G,D,B,A,B,B,E,B,B,C,A,B,D,A,F,H,D,A,A,D,A,A,B,D,E,B,C,B,F,D,A,C,A,A,A,E,C,D,G,J,F,H,E,G,B,F,A,A,D,A,E,E,E,E,E,B,C,A,J,E,A,F,B,D,A,A,A,A
A,B,F,G,D,C,B,G,D,B,G,D,B,A,E,C,B,H,D,F,J,A,G,C,A,C,G,D,B,A,A,A,E,B,B,B,A,C,E,D,G,C,G,A,A,C,C,B,D,F,F,B,B,B,G,D,B,A,A,A,E,E,A,E,B,B,G,H,A,B,C,B,C,A,A,A,E,E,E,E,E,A,A,A,A,E,A,F,B,D,A,A,A,A
B,D,F,F,D,B,B,G,D,C,G,D,B,E,E,A,E,B,B,G,E,A,B,C,B,C,G,D,B,E,E,E,E,E,A,B,A,C,E,A,F,B,D,B,B,A,A,B,D,F,F,D,B,B,A,A,A,A,A,A,E,E,A,E,B,B,G,E,A,B,C,B,C,A,A,A,E,E,E,E,E,A,C,A,B,E,A,F,B,D,B,B,A,A
A,B,C,G,A,J,E,F,D,B,G,D,B,A,E,C,B,H,D,F,H,A,B,C,J,C,A,D,E,A,F,A,E,A,B,C,C,J,D,A,J,B,D,C,B,B,D,B,D,F,F,D,J,B,C,B,A,A,A,A,E,E,A,B,H,B,G,F,A,G,B,F,C,A,A,A,E,E,E,E,B,B,C,A,C,E,A,J,B,D,B,B,A,A
A,B,C,F,B,G,B,E,D,A,G,D,B,A,B,C,D,G,C,F,D,A,B,C,B,C,G,D,A,A,F,F,E,B,B,C,A,B,D,A,B,B,D,A,A,D,D,A,D,F,B,D,F,B,A,A,A,A,A,A,E,E,A,E,B,B,G,B,A,B,C,B,C,A,A,A,E,E,E,E,E,A,A,A,A,E,A,F,B,D,B,J,A,A
B,D,F,F,D,B,B,A,A,A,A,A,A,E,E,A,E,D,B,G,E,A,F,C,B,C,A,A,A,A,E,E,E,E,A,D,E,B,E,A,F,B,D,B,B,A,A,B,D,F,F,D,B,B,A,A,A,A,A,A,E,E,A,E,B,B,G,E,A,B,C,B,C,A,A,A,E,E,E,E,E,A,C,A,B,E,A,F,B,D,B,B,A,A
A,D,F,G,D,C,B,B,A,C,C,A,B,A,E,A,B,B,D,G,E,A,B,C,B,C,A,D,A,A,E,B,E,B,B,C,A,B,D,A,F,B,D,A,A,B,B,B,D,F,F,D,B,B,A,A,A,A,A,A,D,D,A,B,B,B,G,D,A,B,C,B,C,A,A,A,E,E,E,A,A,A,C,A,B,D,A,F,B,D,B,B,A,A
A,B,C,G,D,A,B,G,D,B,G,D,B,A,E,C,B,H,D,F,A,A,B,C,B,C,A,A,A,E,E,E,E,E,A,A,A,A,E,A,F,B,D,B,B,A,A,B,D,F,F,D,B,B,A,A,A,A,A,A,E,E,A,E,B,A,G,E,A,B,C,B,C,A,A,A,E,E,E,E,E,A,A,A,A,E,A,F,B,D,B,B,A,A
A,B,F,G,D,B,B,G,D,B,G,D,B,A,E,C,B,H,D,F,A,A,B,C,B,C,A,A,A,E,E,E,E,E,A,C,A,B,E,A,F,B,D,B,B,A,A,B,D,F,F,D,B,B,A,A,A,A,A,A,E,E,A,E,B,B,G,E,A,B,C,B,C,A,A,A,E,E,E,E,E,A,A,A,A,E,A,F,B,D,B,B,A,A
B,D,F,F,B,B,B,G,D,B,G,D,B,A,E,C,B,H,D,F,J,A,B,C,B,C,A,D,B,A,A,B,E,B,A,B,A,C,D,A,F,B,J,A,A,D,D,B,D,F,F,D,B,B,A,A,A,A,A,A,E,E,A,E,B,B,G,E,A,B,C,B,A,A,A,A,E,E,E,E,E,A,A,A,A,E,A,F,B,D,B,B,A,A
A,B,F,E,B,C,B,E,D,B,G,D,B,A,E,C,B,H,D,G,F,E,G,B,F,A,G,D,B,A,E,B,E,B,A,C,C,B,E,D,A,B,F,A,A,B,B,A,D,F,F,D,B,A,G,D,B,A,A,B,A,E,A,B,H,D,G,F,E,G,B,F,A,C,D,B,A,E,E,F,B,C,C,A,B,E,A,F,B,D,A,A,B,C
B,D,F,F,D,B,B,A,A,A,A,A,A,E,E,A,E,B,B,G,E,A,B,C,B,C,A,A,A,A,F,E,E,E,A,C,C,B,E,A,F,B,D,A,B,C,A,B,D,F,F,D,B,B,A,A,A,A,A,A,E,E,A,E,B,B,G,E,A,B,C,B,C,A,A,A,E,E,E,E,E,A,C,A,B,E,A,F,B,D,B,B,A,A
A,D,F,F,D,A,A,A,A,A,A,A,A,E,E,A,E,B,B,G,E,A,B,C,B,C,A,A,A,E,E,E,E,E,A,A,A,A,E,A,F,B,D,B,B,A,A,B,D,F,F,D,B,B,A,A,A,A,A,A,E,E,A,E,B,B,G,E,A,B,C,B,C,A,A,A,E,E,E,E,E,A,A,A,A,E,A,F,B,D,B,B,A,A
B,D,F,F,D,B,B,A,A,A,A,A,A,E,E,A,E,B,B,G,E,A,B,C,B,C,A,A,A,E,E,E,E,E,A,A,A,A,E,A,F,B,D,B,B,A,A,B,D,F,F,D,B,B,A,A,A,A,A,A,E,E,A,E,B,B,G,E,A,B,C,B,C,A,A,A,E,E,E,E,E,A,A,A,A,E,A,F,B,D,B,B,A,A
B,C,F,F,D,E,B,B,A,C,G,D,B,H,E,A,B,D,B,G,F,A,J,G,B,C,G,D,A,E,E,E,E,E,A,A,A,A,E,A,A,B,D,B,B,A,A,B,C,F,G,D,E,C,A,A,A,A,A,A,H,E,A,D,B,B,G,E,A,B,C,B,C,G,D,B,E,E,E,E,E,A,A,A,A,E,A,F,B,D,B,B,A,A
B,C,F,F,D,B,B,A,A,A,A,A,A,H,E,A,J,B,B,G,E,A,B,C,B,C,A,A,A,A,F,E,E,E,B,C,A,B,E,A,F,B,D,B,B,A,A,B,D,F,F,D,B,B,A,A,A,A,A,A,E,E,A,E,B,B,G,E,A,B,C,B,C,A,A,A,E,E,E,E,E,A,A,A,A,E,A,F,B,D,B,B,A,A
A,B,F,G,D,C,B,F,A,B,G,A,B,A,E,C,B,H,D,F,E,E,F,C,G,C,G,D,B,A,E,B,E,B,B,C,D,B,D,A,F,B,D,A,A,B,A,A,C,F,G,D,E,B,B,A,C,B,A,C,A,E,C,B,H,G,F,J,A,G,F,B,C,B,A,C,A,E,B,E,B,B,C,A,C,E,B,C,F,A,A,A,B,C
A,B,E,G,B,B,B,A,A,A,A,A,A,A,E,C,B,B,D,F,E,A,B,C,B,C,A,A,A,A,F,B,E,B,B,C,A,B,E,A,F,B,D,A,B,D,A,A,B,F,E,D,A,B,A,A,A,A,A,A,E,E,A,E,B,B,E,0,A,B,C,B,C,A,A,A,E,E,E,E,E,E,E,E,E,E,A,F,B,D,B,B,B,B
B,D,F,F,D,B,B,A,A,A,A,A,A,E,E,A,E,B,B,G,E,A,B,C,B,C,A,A,A,E,E,E,E,E,A,A,A,A,E,A,F,B,D,B,B,A,A,B,D,F,G,D,B,B,A,A,A,A,A,A,E,E,A,E,B,B,G,E,A,B,C,B,C,A,A,A,E,E,E,E,E,A,A,A,A,E,A,F,B,D,B,B,A,A
A,B,F,F,B,E,B,G,D,B,B,D,G,A,E,C,G,H,D,F,H,E,G,B,F,A,F,D,B,A,B,B,A,A,B,B,A,B,D,A,F,H,D,A,B,B,B,B,C,A,C,D,F,A,A,BE,E,C,B,B,C,E,E,A,J,F,F,C,B,E,A,B,C,A,F,D,B,A,J,F,D,D,E,B,C,C,B,A,B,C,C,F,G,F
A,B,F,G,D,F,B,G,D,B,G,D,B,A,E,C,B,G,D,F,F,A,G,C,F,C,G,D,B,E,E,E,E,E,B,C,A,B,D,A,F,J,D,A,B,C,B,A,B,C,G,D,E,B,G,B,B,A,A,A,A,E,C,B,B,D,F,H,A,B,C,B,A,A,A,A,E,E,E,E,E,A,A,A,A,E,A,F,B,D,B,B,A,A
A,B,F,G,B,C,B,G,D,B,G,D,B,E,E,A,E,D,D,F,H,A,B,C,F,C,G,D,B,A,F,B,E,B,B,C,C,B,D,A,F,B,D,A,A,D,C,B,D,F,F,D,F,B,D,D,D,A,A,A,E,E,A,D,B,B,F,D,A,B,C,B,C,A,A,A,E,E,E,E,E,A,A,A,A,E,A,F,B,D,B,B,A,A
A,B,C,G,B,C,E,F,D,B,F,D,B,C,A,C,G,C,D,F,F,E,J,G,J,J,G,D,B,A,F,B,E,J,B,C,C,J,D,J,C,C,D,D,A,A,A,A,B,F,G,B,E,B,A,A,A,A,A,A,C,E,C,A,D,C,E,D,A,B,C,B,C,A,A,A,E,E,E,E,E,C,D,A,B,C,D,B,C,D,B,C,B,D
A,B,C,D,F,E,G,F,E,B,F,E,B,A,E,C,E,H,F,G,J,E,G,F,F,E,G,E,A,A,E,B,E,B,A,C,J,B,A,D,C,J,D,A,C,A,C,A,B,C,G,F,E,E,G,A,B,G,A,B,C,D,E,F,G,H,I,J,E,G,B,F,A,G,A,B,A,C,B,B,C,B,B,A,B,A,B,B,B,A,C,D,B,A
B,D,G,F,C,E,A,G,D,B,C,D,B,A,E,C,B,H,D,F,G,A,B,C,A,C,G,D,B,A,E,B,E,B,B,C,A,B,E,A,F,B,D,B,B,A,A,A,D,E,G,B,C,F,A,A,A,A,A,A,E,E,A,H,C,E,B,B,A,B,C,G,D,B,E,C,F,B,F,D,G,C,F,A,C,F,G,D,C,G,E,0,C,A
B,D,F,F,D,F,B,A,A,A,A,A,A,E,E,A,E,B,B,G,E,A,B,C,B,C,A,A,A,E,E,E,E,E,A,A,A,A,E,A,F,B,D,B,B,A,A,B,D,F,F,D,B,B,A,A,A,A,A,A,E,E,A,E,B,B,F,E,A,B,C,B,C,A,A,A,E,E,E,E,E,A,A,A,A,E,A,F,B,D,B,B,A,A
A,B,C,E,B,C,E,E,D,B,G,D,B,A,E,C,B,H,D,F,E,A,G,C,B,C,G,A,A,E,E,E,E,E,B,C,A,B,E,A,F,B,D,B,B,A,A,B,D,F,F,D,B,B,A,A,A,A,A,A,E,E,A,B,B,B,G,E,A,B,C,B,C,A,A,A,E,E,E,E,E,A,A,A,A,E,A,F,B,D,B,B,B,B
B,D,F,F,D,B,B,A,A,A,A,A,A,E,E,A,E,B,B,G,E,A,B,C,B,C,A,A,A,E,E,E,E,E,A,A,A,A,E,A,F,B,D,B,B,A,A,B,D,F,F,D,F,B,A,A,A,A,A,A,E,E,A,E,B,B,G,E,A,B,C,B,C,A,A,A,E,E,E,E,E,A,A,A,A,E,A,F,B,D,B,B,A,A
A,B,G,F,D,E,C,G,A,A,G,D,B,A,E,C,B,D,C,F,A,A,D,C,B,C,E,D,A,A,F,B,E,B,A,A,A,A,E,B,F,B,D,A,A,D,B,B,D,F,F,D,B,B,A,A,A,A,A,A,E,E,A,E,B,B,G,E,A,B,C,B,C,A,A,A,A,A,B,B,A,E,E,E,D,A,B,D,A,D,B,A,A,A
A,B,F,G,B,G,A,G,D,C,G,D,B,A,E,C,B,H,D,F,A,A,B,C,B,A,G,D,B,E,E,E,E,E,A,A,A,A,D,A,F,B,D,A,A,A,A,B,D,F,F,D,F,B,B,A,B,B,A,B,E,E,A,E,B,B,G,E,A,B,C,B,C,B,A,B,E,E,E,E,E,A,A,A,A,E,A,F,B,D,A,B,B,D
A,D,F,G,D,A,B,D,D,D,F,D,B,A,E,C,B,G,D,F,A,A,B,C,A,C,F,D,C,A,B,B,E,B,B,C,E,B,D,A,F,B,D,A,B,C,B,A,D,F,G,D,B,B,A,A,A,A,A,A,E,E,A,E,B,B,G,E,E,F,C,F,C,A,A,A,A,B,E,E,E,B,C,A,B,E,A,F,B,D,B,B,A,A
A,B,C,E,F,C,G,F,D,C,C,D,B,A,E,C,B,H,D,G,H,E,G,B,F,A,F,D,B,E,A,B,E,B,B,C,A,B,D,A,C,B,D,A,A,C,B,A,B,C,E,B,F,G,F,D,B,C,D,B,A,E,C,B,H,D,G,F,A,G,B,F,E,F,D,B,A,A,B,E,B,B,A,C,B,D,A,C,B,D,A,B,A,B
A,B,F,G,D,F,B,G,D,C,G,D,A,A,E,C,B,H,D,E,A,A,B,C,B,C,A,A,A,A,F,BE,E,B,B,B,C,B,D,A,F,B,D,A,A,D,A,B,D,F,F,D,B,B,A,A,A,A,A,A,J,E,A,J,B,B,G,E,A,B,C,B,C,A,A,A,E,E,E,E,E,A,A,A,A,E,A,F,B,D,B,B,A,A
A,B,D,G,B,C,D,C,D,F,G,D,B,A,E,C,B,H,C,F,D,E,G,A,E,A,G,D,B,A,F,D,E,B,B,C,E,D,C,D,H,D,D,A,B,C,D,A,B,C,G,B,C,B,0,D,F,D,D,D,A,E,C,B,A,G,F,E,A,B,C,E,A,C,D,F,A,E,B,E,A,B,D,J,J,C,A,F,B,D,A,A,A,A
A,B,C,G,B,C,E,F,E,D,G,D,B,A,E,C,B,H,D,F,J,A,B,G,F,E,G,D,B,A,F,B,E,B,A,C,C,B,D,A,B,B,D,A,C,D,B,A,B,C,G,B,C,B,G,D,B,G,A,B,C,E,A,D,J,B,F,E,A,G,B,F,A,A,A,A,A,F,B,E,B,A,C,B,B,A,B,C,D,E,A,D,D,A
A,B,C,G,D,J,J,G,D,B,E,D,B,A,E,C,B,G,D,F,H,E,J,B,F,A,G,D,A,A,E,B,E,B,A,C,A,B,E,A,J,B,D,A,A,A,A,B,D,F,F,D,C,G,E,A,A,A,A,A,E,E,A,E,B,B,G,E,A,B,C,B,C,A,A,A,E,E,E,E,E,A,A,A,A,E,A,F,B,D,B,B,A,A
A,B,C,G,B,J,E,G,D,B,G,A,B,A,E,C,B,H,D,F,F,A,B,C,F,C,G,D,A,A,E,E,E,E,B,C,D,J,C,A,F,B,D,A,A,C,J,A,B,C,G,F,G,A,F,D,B,G,D,B,E,E,C,E,G,D,F,A,A,G,C,B,C,A,D,B,E,E,E,E,E,A,C,C,J,E,A,F,B,D,B,B,A,A
A,B,C,G,D,E,F,F,D,C,F,D,C,B,E,C,D,A,G,F,H,B,D,F,G,A,F,D,C,D,A,F,A,F,B,D,D,J,D,D,H,J,B,C,A,A,C,A,B,C,G,D,E,F,F,D,C,B,D,F,B,E,C,F,G,D,J,J,F,G,B,F,A,B,D,C,E,J,B,E,B,B,C,A,J,E,D,C,H,D,B,A,BIJ,C
A,B,C,G,D,A,E,A,A,A,G,D,B,A,E,C,B,G,D,F,E,A,B,C,B,C,A,A,A,E,E,E,E,E,A,C,C,B,E,A,F,B,D,B,A,B,C,B,D,F,F,D,B,B,G,A,A,A,A,A,E,E,A,E,B,B,G,E,A,B,C,B,C,A,A,A,E,E,E,E,E,A,A,A,A,E,A,F,B,D,B,B,B,B
A,B,C,G,B,C,E,G,D,B,G,A,B,A,E,C,B,H,D,F,H,A,B,C,B,C,G,D,B,E,E,E,E,E,B,C,C,B,E,A,B,B,D,A,A,B,B,A,B,G,G,B,G,A,G,D,B,G,D,B,A,E,C,B,H,C,J,H,E,G,B,F,A,A,A,A,E,E,E,E,E,A,A,A,A,E,A,C,B,D,A,A,A,0
A,D,F,G,D,E,B,G,D,A,G,D,A,J,E,A,J,J,B,G,E,A,B,C,A,C,B,A,A,E,E,E,E,E,A,A,A,A,E,A,F,J,D,B,B,A,A,B,D,F,F,D,B,B,A,A,A,A,A,A,E,E,A,E,B,B,G,E,A,B,C,B,C,A,A,A,E,E,E,E,E,A,A,A,A,E,A,F,B,D,B,B,A,A
A,B,C,F,B,C,E,A,G,A,A,D,A,A,E,C,B,H,D,F,G,A,B,C,B,C,A,A,A,A,E,B,E,B,A,C,A,B,E,A,F,B,J,A,A,B,B,B,D,F,F,D,F,B,A,A,A,A,A,A,E,E,A,E,B,B,G,E,A,B,C,B,C,A,A,A,E,E,E,E,E,A,A,A,A,E,A,F,B,D,B,B,A,A
B,D,F,F,D,B,B,A,A,A,A,A,A,E,E,A,E,B,B,G,E,A,B,C,B,C,A,A,A,E,E,E,E,E,A,C,E,B,E,A,F,B,D,B,B,A,A,B,D,F,F,D,B,B,A,A,A,A,A,A,E,E,A,E,B,B,G,E,A,B,C,B,C,A,A,A,E,E,E,E,E,A,C,A,B,A,F,B,D,B,B,A,0,A
A,D,E,G,B,C,F,G,D,B,G,D,B,A,E,C,B,H,D,F,H,E,G,B,F,A,G,D,B,A,E,E,E,B,A,C,C,B,C,A,F,B,D,A,A,C,C,B,D,F,F,D,C,B,A,A,A,A,A,A,J,E,A,E,B,B,G,E,A,B,C,B,C,A,A,A,E,E,E,E,E,A,C,A,A,E,A,F,B,D,B,B,A,A
B,D,F,F,D,B,B,A,A,A,A,A,A,E,E,A,E,B,B,G,E,A,B,C,B,C,A,A,A,A,A,A,E,E,A,C,A,B,E,A,F,B,D,B,B,A,A,B,D,F,F,D,B,B,A,A,A,A,A,A,E,E,A,E,B,B,G,E,A,B,C,B,C,A,A,A,E,E,E,E,E,A,A,A,A,E,A,F,B,D,B,B,A,A
B,D,F,F,D,B,B,A,A,A,A,A,A,E,E,A,E,B,B,G,E,A,B,C,B,C,A,A,A,A,F,J,E,J,B,C,A,B,E,A,F,B,D,A,A,A,A,B,D,F,F,D,B,B,A,A,A,A,A,A,E,E,A,B,B,B,G,E,A,B,C,B,C,A,A,A,E,E,E,E,E,A,A,A,A,E,A,F,B,D,B,B,A,A
A,B,F,G,B,F,B,B,D,G,B,D,F,A,E,C,B,H,D,F,J,A,G,B,F,C,G,D,B,A,E,A,E,F,B,C,A,B,D,A,F,B,D,B,B,B,B,B,D,F,F,D,C,B,A,A,A,A,A,A,E,E,A,B,J,D,G,E,A,F,C,B,C,A,A,A,E,E,E,E,E,A,C,A,B,E,A,F,B,D,B,B,A,A
A,B,F,G,C,C,B,G,A,A,A,A,A,E,E,A,B,D,C,G,E,A,B,C,B,C,A,A,A,E,E,E,E,E,B,C,A,B,E,A,F,B,D,B,B,A,A,B,D,F,F,D,B,B,A,A,A,A,A,A,E,E,A,E,B,B,G,E,A,B,C,B,C,A,A,A,E,E,E,E,E,A,A,A,A,E,A,F,B,D,B,B,A,A
A,B,G,G,D,F,B,A,B,D,A,D,A,J,E,A,J,H,J,G,F,A,J,J,B,J,A,A,A,E,E,E,E,E,B,A,A,B,E,A,F,J,D,B,B,A,A,B,D,C,G,D,C,A,G,D,B,G,A,A,E,E,A,B,H,D,G,H,A,I,B,F,J,A,A,A,E,E,E,E,E,A,A,A,A,E,A,F,B,D,B,B,A,A
A,B,G,G,B,G,A,G,D,B,G,D,B,A,E,C,B,H,D,F,H,E,G,B,F,A,F,D,B,A,E,A,E,A,A,C,A,B,D,A,F,B,D,A,B,B,B,B,D,F,F,D,B,B,A,A,A,A,A,A,J,E,A,J,B,B,G,E,A,B,C,B,C,A,A,A,E,E,E,E,E,A,A,A,A,E,A,F,B,D,B,B,B,B
A,B,F,G,A,F,B,F,D,B,G,D,B,A,E,C,D,H,D,J,G,E,G,J,F,B,G,D,B,A,D,B,A,E,C,B,E,A,D,D,F,H,D,F,D,F,B,A,B,G,F,D,G,A,E,D,C,G,D,B,G,E,A,H,J,D,J,F,E,G,B,F,A,G,B,B,E,F,B,A,F,A,C,J,B,E,D,C,C,J,B,E,C,A
A,B,C,G,D,E,F,F,D,A,C,D,F,A,E,C,D,F,G,H,J,A,G,F,J,C,G,E,B,D,A,B,E,J,C,B,A,D,D,A,H,A,D,B,A,C,J,A,B,D,D,B,G,G,F,D,A,E,D,A,C,E,H,D,G,B,J,F,E,D,F,J,G,E,A,D,A,A,A,E,E,A,C,D,B,D,D,J,H,D,B,A,C,A
B,B,F,E,D,F,B,G,D,B,G,D,B,A,E,C,B,H,D,F,A,A,G,C,F,C,G,D,B,A,F,J,E,J,B,C,C,B,A,A,F,B,D,A,A,D,D,B,C,F,F,C,D,B,A,A,A,A,A,A,E,E,A,E,B,B,G,F,A,B,C,B,C,A,A,A,E,E,E,E,E,A,A,A,A,E,A,F,B,D,B,B,A,A
B,D,F,F,D,J,B,A,A,A,A,A,A,E,E,A,E,B,B,G,E,A,B,C,B,C,A,A,A,E,E,E,E,E,A,C,A,B,E,A,F,B,D,B,B,A,A,B,D,F,F,D,B,B,A,A,A,A,A,A,E,E,A,E,B,B,G,E,A,B,C,B,C,A,A,A,E,E,E,E,E,A,A,A,A,E,A,F,B,D,B,B,A,A
B,D,F,F,D,B,B,G,D,B,G,D,B,E,J,A,E,B,B,G,E,A,J,C,B,C,G,D,B,E,E,E,E,E,A,B,A,B,E,A,J,B,D,B,B,A,A,B,D,F,F,D,B,B,A,A,A,A,A,A,E,E,A,E,B,B,G,E,A,B,C,B,C,A,A,A,E,E,E,E,E,A,A,A,A,E,A,F,B,D,B,B,A,A
B,D,F,F,D,B,B,A,A,A,A,A,A,C,A,J,H,J,J,J,C,J,J,G,D,E,A,A,A,E,E,E,E,E,A,A,A,A,E,D,J,H,J,B,B,A,A,B,D,F,F,D,B,B,A,A,A,A,A,A,E,E,A,E,B,B,G,E,A,B,C,B,C,A,A,A,E,E,E,E,E,A,A,A,A,E,A,B,B,D,B,B,A,A
A,B,C,G,B,C,C,G,D,B,G,D,B,A,E,C,B,H,D,J,H,E,G,B,F,A,C,D,F,A,B,D,E,B,B,C,B,E,E,A,E,B,D,C,B,B,A,A,B,F,G,D,C,G,F,D,B,C,A,B,A,E,J,D,J,J,F,H,E,G,C,F,C,C,A,B,A,B,D,E,D,B,C,D,A,C,A,F,B,D,B,B,B,B
A,B,C,G,B,G,B,G,A,A,G,A,A,A,E,C,B,G,D,F,J,E,B,C,F,A,G,D,A,E,E,E,E,E,B,C,A,B,E,A,F,B,D,B,B,A,A,B,D,F,F,D,C,B,A,A,A,A,A,A,E,E,A,E,B,B,G,E,A,B,C,B,C,A,A,A,E,E,E,E,E,A,A,A,A,E,A,F,B,D,B,B,A,A
A,B,F,G,D,E,C,G,D,B,G,D,B,B,E,C,B,H,D,F,H,A,B,C,F,C,A,D,A,E,E,F,E,F,A,A,A,B,E,A,F,B,D,A,A,C,C,B,C,F,F,C,G,B,G,C,B,A,A,A,A,E,C,B,H,D,F,H,E,G,C,F,C,A,A,A,E,E,E,E,E,A,A,A,A,E,A,F,B,D,B,C,A,A
B,D,F,F,D,B,B,G,D,A,A,A,A,E,E,A,B,B,B,G,E,A,B,C,B,C,A,A,A,E,E,E,E,E,A,C,A,B,E,A,F,B,D,B,B,B,B,B,D,F,F,D,B,B,A,A,A,A,A,A,E,E,A,E,B,B,G,E,A,B,C,B,C,A,A,A,E,E,E,E,E,A,C,A,B,E,A,F,B,D,B,B,A,B
A,B,C,G,F,C,B,G,D,B,G,D,B,B,E,C,A,G,D,F,H,E,G,B,F,A,G,D,B,A,B,E,E,B,B,C,B,B,D,A,G,B,D,A,A,D,C,B,D,F,F,D,B,B,A,A,A,A,A,A,E,E,A,E,B,B,G,E,A,B,C,B,C,A,A,A,E,E,E,E,E,A,A,A,A,E,A,F,B,D,B,B,D,D
B,D,F,F,D,B,B,A,A,A,A,A,A,E,E,A,E,B,B,G,E,A,B,C,B,C,A,A,A,A,E,A,E,E,A,A,E,A,E,A,F,B,D,B,B,A,A,B,D,F,F,D,B,B,A,A,A,A,A,A,E,E,A,E,B,B,G,E,A,B,C,B,C,A,A,A,E,E,E,E,E,A,A,A,A,E,A,F,B,D,B,B,A,A
A,B,G,G,B,E,B,G,D,A,G,D,A,C,E,C,G,H,H,H,F,E,G,E,G,E,A,D,E,A,B,B,E,B,B,C,C,B,D,D,H,H,D,J,A,B,B,B,D,F,E,D,C,B,F,E,A,A,A,A,A,E,C,B,H,D,F,E,E,G,B,F,A,A,A,A,E,E,E,E,E,A,A,A,A,E,A,F,B,D,B,B,C,B
A,B,C,G,D,F,E,G,D,B,G,D,B,A,E,C,B,H,D,F,E,A,B,C,B,C,A,D,B,E,E,B,E,B,A,C,C,B,A,A,F,B,D,B,B,A,A,A,B,F,G,D,B,B,G,D,B,G,D,B,A,E,C,B,H,D,F,A,A,B,C,B,C,A,A,A,E,E,E,E,E,A,C,A,B,E,A,F,B,D,B,B,A,A
B,D,F,F,D,B,B,A,A,A,A,A,A,E,E,A,E,B,B,G,E,A,B,C,B,C,A,A,A,E,E,E,E,E,A,A,E,A,E,A,F,B,D,B,B,A,A,B,D,F,F,D,B,B,A,A,A,A,A,A,E,E,A,E,B,B,G,E,A,B,C,B,C,A,A,A,E,E,E,E,E,A,A,A,A,E,A,F,B,D,B,B,A,A
A,D,F,G,B,E,C,G,D,B,G,D,B,A,E,C,B,H,D,J,F,E,G,B,F,A,A,D,E,A,F,B,D,B,B,C,A,B,B,D,F,C,J,A,A,A,A,B,D,F,F,C,F,B,A,A,A,A,A,A,E,E,A,E,B,B,G,E,E,F,C,F,C,A,A,A,E,E,E,E,E,A,C,A,B,E,A,F,A,D,B,B,A,A
A,B,C,G,F,C,E,G,D,A,G,D,A,H,E,A,J,J,B,F,E,A,G,C,B,C,G,D,B,A,F,B,E,B,A,C,C,B,D,A,F,B,D,A,A,D,D,B,D,F,F,D,B,B,A,A,A,A,A,A,E,E,A,E,B,B,G,E,A,B,C,B,C,A,A,A,E,E,E,E,E,A,A,A,A,E,A,F,B,D,A,A,D,D
A,B,C,G,B,F,B,G,E,B,G,D,B,A,E,C,B,H,G,F,A,E,G,B,F,A,G,D,B,A,F,B,E,B,A,C,A,B,D,A,G,B,D,A,A,D,A,B,D,F,F,D,B,B,A,A,A,A,A,A,H,E,A,E,B,B,F,E,A,B,C,B,C,A,A,A,E,E,E,E,E,A,A,A,A,E,D,G,C,D,B,B,A,A
A,B,F,G,B,F,B,G,D,B,G,D,B,A,E,C,A,H,C,F,E,A,B,C,B,C,G,D,B,A,F,B,E,B,A,C,C,B,D,A,F,J,D,A,A,D,D,A,B,F,G,B,B,B,G,D,B,G,D,A,A,E,C,B,D,D,F,E,A,B,C,B,C,A,A,A,E,E,E,E,E,A,C,A,B,E,A,F,J,D,B,B,D,D
A,B,E,G,D,C,C,G,D,B,G,D,B,A,E,C,H,H,D,F,H,E,G,G,F,A,C,D,F,A,F,B,E,B,B,C,A,B,E,D,F,C,A,A,A,C,B,A,B,E,G,B,C,C,F,D,C,G,B,B,A,E,C,J,H,D,G,F,E,G,B,F,A,C,E,F,A,F,B,E,B,B,D,C,B,E,A,F,B,D,B,B,A,A
A,B,C,G,B,E,A,F,D,B,F,D,C,A,E,C,B,H,D,F,F,E,G,B,F,A,G,D,B,E,F,B,E,B,A,C,A,B,D,A,F,B,D,A,A,D,D,A,B,F,G,D,E,B,C,D,C,A,A,A,A,E,C,G,H,D,F,E,A,B,C,F,C,A,A,A,E,E,E,E,E,A,C,A,B,E,A,F,C,D,B,B,A,A
A,B,C,F,G,C,E,F,E,A,F,D,C,D,E,F,C,J,J,F,E,F,C,F,G,B,E,D,A,A,J,F,E,B,B,J,A,B,D,E,B,B,D,B,A,B,C,A,D,F,G,D,E,B,A,A,A,A,A,A,C,J,C,A,D,G,G,C,E,G,B,G,A,D,B,B,E,A,A,A,B,A,C,A,A,E,A,F,E,H,B,B,B,B
A,B,C,G,D,C,G,B,A,C,F,D,B,A,E,C,B,H,D,F,G,E,G,F,F,A,F,D,B,A,B,A,E,E,B,C,C,A,D,E,C,H,D,B,A,B,A,A,B,F,G,B,E,B,G,D,B,E,D,A,A,E,C,G,H,H,G,H,E,G,B,F,A,E,D,A,E,B,B,E,B,B,C,A,B,D,A,H,C,D,B,B,B,B
A,B,G,G,B,G,A,G,D,B,G,D,B,A,E,C,B,H,D,F,H,A,B,C,B,C,G,D,B,A,F,J,E,B,D,C,A,B,B,A,F,B,D,J,A,D,D,B,D,F,F,D,B,B,A,A,A,A,A,A,E,E,A,E,B,B,F,E,A,B,C,B,C,A,A,A,E,E,E,E,E,A,A,A,A,E,A,F,B,D,B,B,A,A
A,D,F,G,D,J,E,G,D,B,B,B,B,E,E,A,E,B,A,G,H,A,B,C,A,C,G,D,B,A,F,B,E,B,A,C,D,B,D,A,F,B,D,B,B,A,A,B,D,F,F,D,B,B,A,A,A,A,A,A,E,E,A,E,B,B,G,E,A,B,C,B,C,A,A,A,E,E,E,E,E,A,A,A,A,E,A,F,B,D,B,B,A,A
B,A,EFG,E,B,D,D,E,D,B,G,D,B,C,ABE,C,GH,J,GH,J,F,E,F,B,F,A,G,D,B,A,F,ADE,E,B,,C,,B,B,A,G,B,DH,A,B,C,B,B,D,C,F,D,C,B,E,A,A,A,A,A,E,E,A,E,B,A,H,E,A,B,C,A,C,A,A,A,E,E,E,E,E,B,C,A,B,E,A,F,B,D,B,B,A,A
A,B,F,G,B,F,B,A,A,A,A,A,A,A,E,C,B,G,D,F,E,A,B,C,B,C,A,A,A,E,E,E,E,E,A,A,A,A,E,A,F,B,J,B,B,A,A,A,B,F,G,C,E,B,G,D,B,A,A,A,A,E,C,B,D,D,J,E,A,B,C,B,C,A,A,A,E,E,E,E,E,A,A,A,A,E,A,F,A,D,B,B,A,A
A,B,F,G,B,F,B,G,D,B,A,A,A,A,E,C,B,H,D,F,H,A,G,B,F,C,G,D,B,A,E,B,E,B,A,C,C,B,E,A,F,B,D,A,A,C,C,B,D,F,F,D,B,B,A,A,A,A,A,A,E,E,B,E,B,B,G,E,A,B,C,B,C,A,A,A,E,E,E,E,E,A,A,A,A,E,A,F,B,D,B,B,A,A
A,B,C,G,D,E,B,A,A,A,A,A,A,A,E,C,B,H,D,F,E,A,B,C,B,C,A,A,A,A,F,B,E,B,A,C,A,B,D,A,F,B,D,B,B,A,A,B,D,F,F,D,E,B,A,A,A,A,A,A,E,E,A,E,B,B,G,E,A,B,C,B,C,A,A,A,E,E,E,E,E,A,A,A,A,E,A,F,B,D,B,C,A,A
A,B,F,E,D,G,C,E,D,B,E,D,B,A,E,C,B,H,D,F,G,E,G,F,B,A,B,D,E,A,C,F,E,B,A,C,D,B,D,A,F,B,D,B,A,B,C,A,B,C,F,G,D,E,E,D,A,G,B,A,A,E,C,B,H,D,G,F,A,G,C,B,C,C,A,B,0,E,E,E,E,A,A,A,A,E,B,G,A,D,B,B,A,B
A,B,C,G,B,D,C,A,F,D,G,D,B,C,B,G,E,H,J,C,A,C,E,B,J,G,B,D,A,C,A,E,D,J,B,A,C,E,D,D,E,C,A,I,B,C,A,A,B,G,G,F,D,A,G,D,B,G,D,B,C,J,A,D,B,J,F,E,A,B,C,A,C,A,A,A,E,A,B,E,E,A,C,A,B,E,D,H,H,D,B,B,D,B
B,D,F,F,D,F,B,A,A,A,A,A,A,E,E,A,E,B,B,J,E,A,B,C,B,C,A,A,A,A,E,B,E,E,B,C,A,B,E,B,F,B,D,A,B,D,A,B,D,F,F,D,F,B,A,A,A,A,A,A,E,E,A,E,B,B,G,E,A,B,C,B,C,A,A,A,E,E,E,E,E,A,C,A,B,E,A,F,B,D,B,B,A,A
A,B,E,G,D,C,C,G,D,B,G,D,B,A,E,C,B,H,D,F,A,E,G,C,E,C,G,A,B,A,E,A,E,B,B,C,A,B,D,A,F,B,D,A,A,D,C,B,D,F,F,D,B,F,A,A,A,A,A,A,A,E,C,H,J,J,J,C,A,B,C,A,C,A,A,A,E,E,E,E,E,A,A,A,A,E,A,F,B,D,A,B,D,A
A,B,C,G,D,E,E,G,D,B,G,D,B,A,E,C,B,H,D,F,G,E,D,G,F,A,C,D,B,A,F,E,E,E,A,D,C,B,E,A,F,B,D,A,B,C,B,A,B,C,G,D,E,F,E,D,A,A,A,A,A,E,C,B,G,D,F,H,A,G,D,B,J,A,A,A,E,E,E,E,E,A,A,A,A,A,A,0,0,0,0,0,0,0
A,B,F,G,D,F,B,G,D,B,G,D,B,A,E,C,B,G,D,J,F,A,B,C,B,C,G,D,B,A,F,B,E,B,J,C,C,B,D,A,F,B,D,A,A,D,D,A,D,F,G,D,B,A,G,D,B,G,D,B,A,E,C,B,J,D,G,F,A,F,C,B,C,B,B,B,E,F,B,E,J,A,C,D,B,D,A,F,B,D,A,B,D,B
B,D,F,F,D,B,B,A,A,A,A,A,A,E,E,A,E,B,B,G,E,A,B,C,B,C,A,A,A,E,E,E,E,E,A,C,A,B,E,A,F,B,D,B,B,A,A,B,D,F,F,D,B,B,A,A,A,A,A,A,E,E,A,E,B,B,G,E,A,B,C,B,C,A,A,A,E,E,E,E,E,A,A,A,A,E,A,F,B,D,B,B,A,A
A,B,E,G,C,A,E,G,D,B,G,D,B,A,E,C,B,H,D,F,H,A,B,C,B,C,A,D,A,A,F,E,E,B,A,C,A,B,D,A,F,B,D,A,B,D,A,B,J,F,F,D,B,B,A,A,A,A,A,A,E,E,A,E,B,B,G,E,A,B,C,B,C,A,A,A,E,E,E,E,E,A,A,A,A,E,A,F,B,D,B,B,A,A
B,D,F,F,D,B,B,A,A,A,A,A,A,E,E,A,E,B,B,G,E,A,B,C,B,C,A,A,A,E,E,E,E,E,A,A,A,A,E,A,F,B,D,B,B,A,A,B,C,F,F,C,B,B,A,A,A,A,A,A,E,E,A,E,B,B,G,E,A,B,C,A,C,A,A,A,E,E,E,E,E,A,A,A,A,E,A,F,B,D,B,B,A,A
A,B,G,G,D,C,B,G,D,B,G,D,B,A,E,C,B,J,D,G,H,A,B,C,B,C,G,D,A,A,F,B,E,B,A,J,J,B,D,A,F,B,D,A,A,D,A,B,D,F,F,D,F,B,A,A,A,A,A,A,E,E,A,E,B,A,G,E,A,B,C,B,C,A,A,A,E,E,E,E,E,A,A,A,A,E,A,F,B,D,B,B,A,A
B,C,F,F,E,G,B,G,D,A,G,D,A,A,E,C,B,D,H,G,A,A,G,F,F,C,G,B,A,A,F,B,E,B,B,C,A,B,D,A,F,B,D,A,D,D,D,B,D,F,F,D,B,B,A,A,A,A,A,A,E,E,A,E,B,B,G,E,A,B,C,B,C,A,A,A,E,E,E,E,E,A,C,A,B,E,A,F,H,D,A,A,A,A
A,B,F,G,D,F,B,A,A,A,A,A,A,A,J,C,D,D,D,G,J,A,B,C,B,C,A,A,A,E,E,E,E,E,A,C,A,A,E,A,F,B,D,A,B,D,A,B,D,F,F,D,B,B,A,A,A,A,A,A,E,E,A,E,B,B,G,A,B,C,B,C,A,A,A,A,E,E,E,E,E,A,A,A,A,E,A,F,E,A,B,B,A,A
B,D,F,F,D,F,B,G,D,B,G,D,B,E,E,A,E,B,B,G,E,A,B,C,B,C,A,D,A,E,E,E,E,E,A,A,J,A,E,A,F,B,D,B,B,A,A,B,D,F,F,D,B,B,A,A,A,A,A,A,E,E,A,E,B,B,G,E,A,B,C,B,C,A,A,A,E,E,E,E,E,A,C,A,B,E,A,F,B,D,B,B,A,A
B,D,F,F,D,B,B,A,A,A,A,A,A,E,E,A,E,B,B,G,E,A,B,C,B,C,A,A,A,E,E,E,E,E,A,A,A,A,E,A,F,B,D,B,B,A,A,B,D,F,F,D,B,B,A,A,A,A,A,A,E,E,A,E,B,B,G,E,A,B,C,B,C,A,A,A,E,E,E,E,E,A,A,A,A,E,A,F,B,H,B,B,A,A
B,D,E,F,D,F,C,E,D,A,A,A,A,H,E,A,J,G,C,F,E,A,B,C,B,C,A,A,A,E,B,B,J,B,A,A,A,A,E,A,B,B,D,B,B,A,A,B,D,F,F,C,B,B,A,A,A,A,A,A,E,E,A,B,B,B,G,F,C,B,C,B,C,A,A,A,E,E,E,E,E,A,A,A,A,E,A,F,B,D,B,B,A,A
B,D,F,F,D,B,B,A,A,A,A,A,A,E,E,A,E,B,B,G,E,A,B,C,B,C,B,A,C,E,E,E,E,E,A,A,A,A,E,A,F,B,D,B,B,A,A,B,D,F,F,D,B,B,A,A,A,A,A,A,E,E,A,E,B,B,G,E,A,B,C,B,C,A,A,A,E,E,E,E,E,A,A,A,A,E,A,F,B,D,B,B,A,A
A,B,E,G,D,C,C,G,D,B,G,D,B,A,E,C,B,H,D,F,E,E,G,B,F,A,G,D,B,A,B,D,E,C,B,C,A,B,E,AB,F,B,D,A,A,D,D,B,D,F,F,D,B,B,A,A,A,A,A,A,E,E,A,E,B,B,G,E,A,B,C,B,C,A,A,A,E,E,E,E,E,A,A,A,A,E,B,F,B,D,B,B,A,A
B,D,F,F,D,B,B,A,A,A,A,A,A,E,E,A,E,B,B,G,E,A,B,C,B,C,A,A,A,E,E,E,E,E,A,C,A,B,E,A,F,B,D,B,B,A,A,B,D,F,F,D,B,B,E,D,A,A,A,A,E,E,A,E,B,B,G,EF,C,B,C,B,C,A,A,A,A,A,B,E,B,A,C,A,B,E,A,F,B,D,B,B,A,A
A,D,F,G,D,F,B,A,A,A,A,A,A,E,E,A,E,B,B,G,E,A,B,C,B,C,A,A,A,E,E,E,E,E,A,A,A,A,E,A,F,B,D,A,A,A,A,B,D,F,F,D,B,B,A,A,A,A,A,A,E,E,A,E,B,B,G,E,A,B,C,B,C,A,A,A,E,E,E,E,E,A,A,A,A,E,A,F,B,D,B,B,A,A
A,B,C,G,F,B,E,G,D,B,G,D,B,A,E,C,B,H,D,F,J,E,G,B,F,A,E,D,A,A,F,F,E,B,A,C,C,B,D,A,F,B,D,B,D,C,A,A,B,C,G,E,E,E,B,C,D,B,C,A,E,E,A,E,B,A,G,D,A,B,C,A,C,A,A,A,E,E,E,E,E,A,A,A,A,0,0,A,B,C,A,B,C,D
A,B,C,G,B,E,E,G,D,B,G,D,B,A,E,C,B,H,D,F,H,A,B,C,B,C,G,D,B,E,E,E,E,E,A,A,A,A,E,A,F,B,D,A,A,A,A,A,B,C,G,C,E,E,A,A,A,A,A,A,E,E,A,E,B,B,F,E,A,B,C,B,C,A,A,A,E,E,E,A,B,C,B,C,A,A,A,F,H,D,B,B,A,A
B,D,F,F,D,B,B,A,A,A,A,A,A,E,E,A,E,B,B,G,E,A,B,C,B,C,A,A,A,E,E,E,E,E,A,C,A,B,E,A,F,B,D,B,B,A,B,B,D,D,F,C,B,F,A,A,A,A,A,A,E,E,A,E,B,B,G,E,A,B,C,B,C,A,A,A,E,E,E,E,E,A,C,A,B,E,A,F,B,D,B,B,C,B
A,B,F,G,D,A,B,F,D,B,G,D,B,A,E,C,B,H,D,F,D,E,D,G,F,A,G,D,B,A,E,F,E,A,A,C,A,B,D,A,C,B,D,A,B,C,B,A,B,F,G,B,C,B,E,D,B,G,D,B,E,E,A,E,B,B,F,E,A,B,C,B,C,A,D,E,E,E,E,E,E,A,A,A,A,E,A,B,B,D,A,B,C,B
A,B,F,G,B,D,B,G,D,B,G,D,B,A,E,C,B,H,D,F,F,A,B,C,B,C,A,A,A,A,F,A,E,A,A,C,C,B,D,A,F,B,D,A,A,D,A,B,D,F,F,D,B,B,C,C,B,A,A,A,E,E,A,E,B,B,G,F,A,B,C,B,C,A,A,A,E,E,E,E,E,A,A,A,A,E,A,F,B,D,B,B,A,A
A,D,F,G,D,F,B,G,D,B,G,D,B,E,E,C,E,B,D,F,E,A,B,C,B,C,G,D,A,A,F,E,E,B,A,C,A,B,D,A,F,B,D,B,B,A,A,B,D,F,F,D,B,B,A,A,A,A,A,A,E,E,A,E,B,B,G,E,A,B,C,B,C,A,A,A,E,E,E,E,E,A,A,A,A,E,A,F,B,D,B,B,A,A
B,C,F,F,D,F,F,G,D,B,G,D,B,A,E,C,B,H,D,F,E,A,G,C,B,C,A,A,A,A,F,B,E,B,A,C,C,B,E,A,G,B,D,A,A,D,A,B,D,F,F,D,B,B,A,A,A,A,A,A,E,E,A,E,B,B,G,E,A,B,C,B,C,A,A,A,E,E,E,E,E,A,A,A,A,E,A,F,B,D,A,B,A,A
B,D,F,F,D,B,B,E,D,D,A,A,A,E,E,A,E,B,B,G,E,A,B,C,B,C,A,A,A,A,F,C,E,B,A,C,C,B,E,A,F,B,D,B,B,A,A,B,D,F,F,C,B,B,A,A,A,A,A,A,E,E,A,E,B,B,G,E,A,B,C,B,C,A,A,A,E,E,E,E,E,A,A,A,A,E,A,F,B,D,B,B,A,A
B,D,F,F,D,B,B,A,A,A,A,A,A,E,E,A,E,B,B,G,E,A,B,C,B,C,A,A,A,A,E,B,E,B,A,C,A,B,E,A,F,B,D,D,D,D,D,B,D,F,F,D,B,B,A,A,A,A,A,A,E,E,A,E,B,B,G,E,A,B,C,B,C,A,A,A,E,E,E,E,E,A,A,A,A,E,A,F,B,D,B,B,A,A
A,D,G,G,D,F,B,G,D,B,G,D,B,A,E,C,B,H,D,F,H,E,B,C,F,C,G,D,B,A,F,A,E,B,B,C,A,B,D,A,F,B,D,B,B,A,A,B,D,F,F,D,B,B,A,A,A,A,A,A,E,E,A,E,B,B,G,E,A,B,C,B,C,A,A,A,E,E,E,E,E,A,C,A,B,E,A,F,B,D,B,B,A,A
A,D,F,F,D,C,B,A,A,A,A,A,A,E,E,A,B,H,D,G,E,A,B,C,B,C,A,A,A,A,F,F,E,B,A,C,A,B,E,A,F,B,D,B,B,A,A,B,D,F,F,D,B,B,A,A,A,A,A,A,E,E,A,E,B,B,G,E,A,B,C,B,C,A,A,A,E,E,E,E,E,A,A,A,A,E,A,F,B,D,B,B,A,A
A,B,C,F,A,E,E,G,D,B,G,D,B,A,E,C,B,H,D,F,J,E,F,A,E,A,G,D,B,E,B,B,E,B,B,C,C,B,B,D,F,J,D,A,A,B,B,B,D,F,F,A,J,B,A,D,A,A,D,A,E,E,A,B,D,D,G,E,A,B,C,B,C,A,D,A,E,E,E,E,E,A,A,A,A,E,A,F,B,D,A,A,D,D
A,B,F,G,B,C,B,G,D,B,G,D,B,A,E,C,B,H,D,F,F,E,G,B,F,A,G,D,B,A,F,B,E,B,B,C,A,B,D,A,F,B,D,B,A,A,D,A,B,C,G,D,E,E,A,A,A,A,A,A,A,E,C,B,H,D,G,F,E,G,C,F,C,A,A,A,D,F,B,E,B,A,C,A,B,D,A,F,B,D,A,B,A,A
A,B,F,G,D,B,B,A,A,A,A,A,A,A,E,C,B,G,D,F,E,A,J,C,B,C,A,A,A,E,E,E,E,E,B,C,A,B,E,A,F,B,D,B,B,A,A,B,D,F,F,D,B,B,A,A,A,A,A,A,E,E,A,E,B,B,G,E,A,B,C,B,C,A,A,A,E,E,E,E,E,A,C,A,B,E,A,F,B,D,B,B,A,A
A,B,C,G,B,C,E,G,D,B,G,D,B,A,E,C,B,H,D,F,A,E,F,B,G,A,G,D,B,B,E,B,E,B,B,C,A,B,A,A,F,B,D,A,B,C,B,A,B,C,G,B,E,E,C,A,B,C,A,B,E,E,A,E,B,B,H,E,A,B,C,C,A,C,A,B,E,E,E,E,E,A,A,A,A,E,A,J,B,D,A,A,A,A
B,D,F,F,D,B,B,A,A,A,A,A,A,J,E,A,J,B,A,G,E,A,B,C,B,C,A,A,A,E,E,E,E,E,A,C,A,B,E,A,F,B,D,B,B,A,A,B,D,F,F,D,B,B,A,A,A,A,A,A,E,E,A,E,B,B,G,E,A,B,C,B,C,A,A,A,E,E,E,E,E,A,A,A,A,E,A,F,B,D,B,B,A,A
A,D,F,G,D,B,B,A,A,A,A,A,A,A,E,C,B,H,D,F,E,A,B,C,B,C,A,A,A,A,E,B,E,J,B,C,A,B,D,A,F,B,D,B,B,A,A,C,D,F,F,D,B,B,A,A,A,A,A,A,E,E,A,E,B,B,G,E,A,B,C,B,C,A,A,A,E,E,E,E,E,A,A,A,A,E,A,F,B,D,B,B,A,A
A,B,F,G,D,F,B,G,A,C,G,A,A,A,E,C,B,H,D,F,H,A,B,C,B,C,A,A,A,E,E,E,E,E,A,A,A,A,E,A,F,B,D,A,B,D,A,B,D,F,F,D,B,B,A,A,A,A,A,A,E,E,A,E,B,B,G,E,A,B,C,B,C,A,A,A,E,E,E,E,E,A,C,A,B,E,A,F,B,D,B,B,A,A
B,D,F,G,C,D,B,E,D,A,A,A,A,E,E,A,A,H,C,E,A,C,B,D,F,A,G,A,A,E,B,A,E,E,A,B,A,B,E,A,A,C,H,A,C,A,A,B,C,E,D,A,F,C,B,E,G,B,D,C,E,B,AD,C,E,A,C,B,D,C,E,J,G,B,D,G,C,B,E,F,B,D,E,B,D,C,A,B,D,C,B,D,C,A
B,D,F,F,D,B,B,A,A,A,A,A,A,E,E,A,E,B,B,G,E,A,B,C,B,C,A,A,A,E,E,E,E,E,A,A,A,A,E,A,F,B,D,B,B,A,A,B,D,F,F,D,B,B,A,A,A,A,A,A,E,E,A,E,B,B,G,E,A,B,C,B,C,A,A,A,E,E,E,E,E,A,A,A,A,E,A,F,B,D,B,B,A,A
B,D,F,F,D,B,B,G,D,B,G,D,B,E,E,C,B,B,D,H,E,A,B,C,F,C,A,A,A,E,E,E,E,E,B,C,A,B,E,A,F,B,D,B,B,A,A,B,D,F,F,D,B,B,A,A,A,A,A,A,E,E,A,E,B,B,G,E,A,B,C,B,C,A,A,A,E,E,E,E,E,A,C,A,B,E,A,F,B,D,B,B,A,A
A,B,B,G,B,F,B,G,D,A,G,D,B,A,E,C,B,H,D,F,A,A,B,C,B,C,C,D,E,A,F,E,E,E,A,C,A,B,D,A,C,B,D,B,B,D,B,B,C,B,F,C,B,A,A,A,A,A,A,A,H,E,A,H,B,B,F,E,A,J,B,G,D,E,E,E,E,E,E,E,E,A,A,A,A,E,A,C,B,D,B,B,A,A
A,B,F,F,B,F,B,G,A,A,A,A,A,E,E,A,E,B,B,G,E,A,B,C,B,C,A,A,A,E,E,E,E,E,A,C,C,B,E,A,F,B,D,A,A,A,A,B,D,F,F,A,B,B,A,A,A,A,A,A,E,E,A,B,B,B,G,E,A,B,C,B,C,A,A,A,E,E,E,E,E,A,A,A,A,E,A,F,B,D,B,B,A,A
B,D,F,F,D,E,B,G,D,B,G,D,B,E,E,A,E,B,B,G,E,A,B,C,B,C,B,B,B,A,F,E,E,B,A,C,A,B,D,A,F,B,D,B,B,A,A,B,D,F,B,D,B,B,A,A,A,A,A,A,E,E,A,E,B,B,G,E,A,B,C,B,C,A,A,A,E,E,E,E,E,A,A,A,A,E,AD,F,B,D,B,B,A,A